QS75FCDpjvvW2pOfWOVpLKs9RMbZXMn3U0C2863sHGo=,3780,KLmSLosNoRlXVgfWAQeMJNxTfy2dt6H3VnEmkCFD+sU=,36fd53f2cfe340ffe189ba51a6dc2a1b6fb6cbe8b7d516b5f48f94cd215d85ab.avif
QS75FCDpjvvW2pOfWOVpLKs9RMbZXMn3U0C2863sHGo=,3780,SljUa5ZQYene0sj9g3IZg7pScvD4mRkLsIP6hOwle4Q=,9e8eddaa71d5f3d4b5790d8d15869cc53f83b4579eb318a59bd64dbe22fbba53.jpg
QS75FCDpjvvW2pOfWOVpLKs9RMbZXMn3U0C2863sHGo=,3780,Up+y634Is/7taN6E6r991k+QsCEQbLhwedUh/m74FEM=,adea03809bb29e510c79bc1f93a9dc6ad53d7c683c36e7ab5f3001c917013713.webp
QS75FCDpjvvW2pOfWOVpLKs9RMbZXMn3U0C2863sHGo=,2820,KLmSLosNoRlXVgfWAQeMJNxTfy2dt6H3VnEmkCFD+sU=,31146dc99493343181706dfb9b68e4b9a49b30de70cc1ab7fe74aac4a220a6f5.avif
QS75FCDpjvvW2pOfWOVpLKs9RMbZXMn3U0C2863sHGo=,2820,SljUa5ZQYene0sj9g3IZg7pScvD4mRkLsIP6hOwle4Q=,70fa126c6d2ba6450c7a90db20feba52b3546a22c886e41bbcea01acc7dd1296.jpg
QS75FCDpjvvW2pOfWOVpLKs9RMbZXMn3U0C2863sHGo=,2820,Up+y634Is/7taN6E6r991k+QsCEQbLhwedUh/m74FEM=,8f1e90952fb558742629349f80ea76f6d1bfa4df1662a0eda3348776bd268be8.webp
QS75FCDpjvvW2pOfWOVpLKs9RMbZXMn3U0C2863sHGo=,1860,KLmSLosNoRlXVgfWAQeMJNxTfy2dt6H3VnEmkCFD+sU=,a19d61f614946016f26c04af166d58cfab2b814c3323ec683aefdf13f6bcf91d.avif
QS75FCDpjvvW2pOfWOVpLKs9RMbZXMn3U0C2863sHGo=,1860,SljUa5ZQYene0sj9g3IZg7pScvD4mRkLsIP6hOwle4Q=,817dc3ae4894ef1a44d1b0d59c306548e5f3e3a82fd3eaa5b2a391c127710c9b.jpg
QS75FCDpjvvW2pOfWOVpLKs9RMbZXMn3U0C2863sHGo=,1860,Up+y634Is/7taN6E6r991k+QsCEQbLhwedUh/m74FEM=,ef0ad296a5598751797e1e10f1a92bc055886f8f3100aedc79331827a5cc7729.webp
QS75FCDpjvvW2pOfWOVpLKs9RMbZXMn3U0C2863sHGo=,1380,KLmSLosNoRlXVgfWAQeMJNxTfy2dt6H3VnEmkCFD+sU=,fcccb664c245d7d2a5c6b878a03597a7f1b573431a06c8d2d0294ed26e22c92b.avif
QS75FCDpjvvW2pOfWOVpLKs9RMbZXMn3U0C2863sHGo=,1380,SljUa5ZQYene0sj9g3IZg7pScvD4mRkLsIP6hOwle4Q=,86d8f1f6ac28662c82279128d3eabd97be93faf86048fc68b529982d29f5b672.jpg
QS75FCDpjvvW2pOfWOVpLKs9RMbZXMn3U0C2863sHGo=,1380,Up+y634Is/7taN6E6r991k+QsCEQbLhwedUh/m74FEM=,53e9178d0da8963e4e95e67584b463560d096c9dddafe1531923e8e9e352ecd7.webp
QS75FCDpjvvW2pOfWOVpLKs9RMbZXMn3U0C2863sHGo=,1306,KLmSLosNoRlXVgfWAQeMJNxTfy2dt6H3VnEmkCFD+sU=,914184036abcc9f5b543a5efc9259349239454e0ea6ce701c31d0e7bedaa6528.avif
QS75FCDpjvvW2pOfWOVpLKs9RMbZXMn3U0C2863sHGo=,1306,SljUa5ZQYene0sj9g3IZg7pScvD4mRkLsIP6hOwle4Q=,83519bcced9fa69bd3a5e4d4ce7574bb750bb89676c597d73841fb59a307854c.jpg
QS75FCDpjvvW2pOfWOVpLKs9RMbZXMn3U0C2863sHGo=,1306,Up+y634Is/7taN6E6r991k+QsCEQbLhwedUh/m74FEM=,0cf4bc8cf68be874accdc8b663182472b7480c92b0ea2ac442fcf73aa90bb480.webp
QS75FCDpjvvW2pOfWOVpLKs9RMbZXMn3U0C2863sHGo=,964,KLmSLosNoRlXVgfWAQeMJNxTfy2dt6H3VnEmkCFD+sU=,f900c0ee39d2e32dc061f79bdfa516767a5e21084a8f6985020751ed79febaee.avif
QS75FCDpjvvW2pOfWOVpLKs9RMbZXMn3U0C2863sHGo=,964,SljUa5ZQYene0sj9g3IZg7pScvD4mRkLsIP6hOwle4Q=,9d9907a188b4900457b01eefd4fb4e1977a269b1a17ec6e3d38777ac67720ea1.jpg
QS75FCDpjvvW2pOfWOVpLKs9RMbZXMn3U0C2863sHGo=,964,Up+y634Is/7taN6E6r991k+QsCEQbLhwedUh/m74FEM=,e023ed3c157235e7feccd0cc3284175fee4991df163d564bbbbc27d3640fa8c9.webp
QS75FCDpjvvW2pOfWOVpLKs9RMbZXMn3U0C2863sHGo=,708,KLmSLosNoRlXVgfWAQeMJNxTfy2dt6H3VnEmkCFD+sU=,fc0ef491bb2f11742811e666e62478f92966ecbfd8f156212e3d4ff7833acaba.avif
QS75FCDpjvvW2pOfWOVpLKs9RMbZXMn3U0C2863sHGo=,708,SljUa5ZQYene0sj9g3IZg7pScvD4mRkLsIP6hOwle4Q=,a04a1ba033f19b10d0523c75f87daaf91152039c96ed6737530dc972b35a6b05.jpg
QS75FCDpjvvW2pOfWOVpLKs9RMbZXMn3U0C2863sHGo=,708,Up+y634Is/7taN6E6r991k+QsCEQbLhwedUh/m74FEM=,0f89fa76389346d170a3c4af599dee8ec55bb053a4ddfc46f6367b6e2e5b0457.webp
QS75FCDpjvvW2pOfWOVpLKs9RMbZXMn3U0C2863sHGo=,667,KLmSLosNoRlXVgfWAQeMJNxTfy2dt6H3VnEmkCFD+sU=,68b9a2a90f17116110241e8f482dbb7b2ba377765b41ee7d71be7528a3be45e8.avif
QS75FCDpjvvW2pOfWOVpLKs9RMbZXMn3U0C2863sHGo=,667,SljUa5ZQYene0sj9g3IZg7pScvD4mRkLsIP6hOwle4Q=,75a6e71c5f74ad7cc6fb1242016dab0ee3d381f9e8e7368d4fa9cc0567e161b6.jpg
QS75FCDpjvvW2pOfWOVpLKs9RMbZXMn3U0C2863sHGo=,667,Up+y634Is/7taN6E6r991k+QsCEQbLhwedUh/m74FEM=,bac9dc053badfcf8888c603ee6c4e57e7566bf6f4e24815374e57885f73ffb84.webp
bX+/h99rvq1ApIWssiGLocPXJc5S/Tk2cx1z9dQl7KA=,1782,tWfmCtXceQiR+qWZpXNmvh3jmeSbVzpmebbjM9HAe8c=,8fe195c050f454663a1b56e799f7177f7cbf2c23233a16b6f9fef76f85f247c0.avif
bX+/h99rvq1ApIWssiGLocPXJc5S/Tk2cx1z9dQl7KA=,1782,mMKDXf5wNlwk3S0tmyJ5Vw6k+yOSOKxYQ9g25FJE2a0=,5d6ca0a5be831d96d7ca3597e1d62c919a867748ab90eaa1a28f93438fd0b4c4.png
bX+/h99rvq1ApIWssiGLocPXJc5S/Tk2cx1z9dQl7KA=,1782,dzVBSYxN90Jqehi3ZW0pH7NpKlImejZHq+IrwN3yg5Q=,90794d009d73d648b6d3d02ed5d104d3e14a156d643f7d31354dcf02fb8a8441.webp
bX+/h99rvq1ApIWssiGLocPXJc5S/Tk2cx1z9dQl7KA=,1411,tWfmCtXceQiR+qWZpXNmvh3jmeSbVzpmebbjM9HAe8c=,6bc73ec18b7dfaf76563c5410deac3ced1983d7cf2aa9b3852f6b7c04bb97984.avif
bX+/h99rvq1ApIWssiGLocPXJc5S/Tk2cx1z9dQl7KA=,1411,mMKDXf5wNlwk3S0tmyJ5Vw6k+yOSOKxYQ9g25FJE2a0=,cb891e82d9039a552d395f3b33b426d6b05dec6ac598c6aec6acef28d2f72cd9.png
bX+/h99rvq1ApIWssiGLocPXJc5S/Tk2cx1z9dQl7KA=,1411,dzVBSYxN90Jqehi3ZW0pH7NpKlImejZHq+IrwN3yg5Q=,61dc92986677233668f104b5fbdd55e77bb9bafd841497fd822d650f5b95b010.webp
bX+/h99rvq1ApIWssiGLocPXJc5S/Tk2cx1z9dQl7KA=,930,tWfmCtXceQiR+qWZpXNmvh3jmeSbVzpmebbjM9HAe8c=,806488db27ff892b4ce329dbb57920a0cbbbdf3bce1ba0b5e462dde3c4dc6302.avif
bX+/h99rvq1ApIWssiGLocPXJc5S/Tk2cx1z9dQl7KA=,930,mMKDXf5wNlwk3S0tmyJ5Vw6k+yOSOKxYQ9g25FJE2a0=,8ecab83d0637e8b3b4f244ff9c7b492961c483b398444004f58181fb7c9ebc77.png
bX+/h99rvq1ApIWssiGLocPXJc5S/Tk2cx1z9dQl7KA=,930,dzVBSYxN90Jqehi3ZW0pH7NpKlImejZHq+IrwN3yg5Q=,7a22c5880e4f885e0e997862f1e6d2c22d6376ca54ea28fb8ce7b7a86b851f3f.webp
bX+/h99rvq1ApIWssiGLocPXJc5S/Tk2cx1z9dQl7KA=,690,tWfmCtXceQiR+qWZpXNmvh3jmeSbVzpmebbjM9HAe8c=,bf82163ee6b8f19db271c5e009802717254c34b210510ee89c7f03408f314c6f.avif
bX+/h99rvq1ApIWssiGLocPXJc5S/Tk2cx1z9dQl7KA=,690,mMKDXf5wNlwk3S0tmyJ5Vw6k+yOSOKxYQ9g25FJE2a0=,2e377427e836ab3c8e72d509dfe5e1514d0a51fb5a9159a3cce8efd114606578.png
bX+/h99rvq1ApIWssiGLocPXJc5S/Tk2cx1z9dQl7KA=,690,dzVBSYxN90Jqehi3ZW0pH7NpKlImejZHq+IrwN3yg5Q=,00c3ba58e6c2fb6e455f5d4961fe0ead3cd19aee3c4883e35d4119008d726326.webp
bX+/h99rvq1ApIWssiGLocPXJc5S/Tk2cx1z9dQl7KA=,654,tWfmCtXceQiR+qWZpXNmvh3jmeSbVzpmebbjM9HAe8c=,f92a5a5f4e4b150eb53032ccb94c652c9eeeeaccd450f8942e19c43b22436b17.avif
bX+/h99rvq1ApIWssiGLocPXJc5S/Tk2cx1z9dQl7KA=,654,mMKDXf5wNlwk3S0tmyJ5Vw6k+yOSOKxYQ9g25FJE2a0=,c22dc274796b3ad4569766028ed027c5b59e12b6d072e6111f089e2212d60bef.png
bX+/h99rvq1ApIWssiGLocPXJc5S/Tk2cx1z9dQl7KA=,654,dzVBSYxN90Jqehi3ZW0pH7NpKlImejZHq+IrwN3yg5Q=,5bb339817fcfef91d27a5fce13be891ed598c07b7af91e242bad3ba42a124d20.webp
bX+/h99rvq1ApIWssiGLocPXJc5S/Tk2cx1z9dQl7KA=,471,tWfmCtXceQiR+qWZpXNmvh3jmeSbVzpmebbjM9HAe8c=,6fdb20c5915f5aca3abd03942516cbf6382984bced7e215fd8d53646f9eb5ca4.avif
bX+/h99rvq1ApIWssiGLocPXJc5S/Tk2cx1z9dQl7KA=,471,mMKDXf5wNlwk3S0tmyJ5Vw6k+yOSOKxYQ9g25FJE2a0=,5a6b13f443c8e05b5c0804a87dac48393898c798a9a109db836d216f217b17b2.png
bX+/h99rvq1ApIWssiGLocPXJc5S/Tk2cx1z9dQl7KA=,471,dzVBSYxN90Jqehi3ZW0pH7NpKlImejZHq+IrwN3yg5Q=,bc44abe0d55dbf4ace212a751b6ae093435dc98d4fba021cf189c8da5dd310af.webp
bX+/h99rvq1ApIWssiGLocPXJc5S/Tk2cx1z9dQl7KA=,215,tWfmCtXceQiR+qWZpXNmvh3jmeSbVzpmebbjM9HAe8c=,520f3180aa99463e0814ab025a3b5c8be1bb442b7709690babee3dca4d5d2175.avif
bX+/h99rvq1ApIWssiGLocPXJc5S/Tk2cx1z9dQl7KA=,215,mMKDXf5wNlwk3S0tmyJ5Vw6k+yOSOKxYQ9g25FJE2a0=,78d6d800c73c80ecaa7c07885b61503df661e16b845cfce285092245cb3bb878.png
bX+/h99rvq1ApIWssiGLocPXJc5S/Tk2cx1z9dQl7KA=,215,dzVBSYxN90Jqehi3ZW0pH7NpKlImejZHq+IrwN3yg5Q=,d7490e8c56ab8f11484a23edd8ea261a7ab4c40a2491a77d9463dfccc980df97.webp
bX+/h99rvq1ApIWssiGLocPXJc5S/Tk2cx1z9dQl7KA=,87,tWfmCtXceQiR+qWZpXNmvh3jmeSbVzpmebbjM9HAe8c=,64104741921518e390fa05f381d97c574c1df7aa5965bbda59a6974a2ce3f3cd.avif
bX+/h99rvq1ApIWssiGLocPXJc5S/Tk2cx1z9dQl7KA=,87,mMKDXf5wNlwk3S0tmyJ5Vw6k+yOSOKxYQ9g25FJE2a0=,84fbec883cd401c604d435fc5f18b2a2641014743dd737adfc052f23beb72111.png
bX+/h99rvq1ApIWssiGLocPXJc5S/Tk2cx1z9dQl7KA=,87,dzVBSYxN90Jqehi3ZW0pH7NpKlImejZHq+IrwN3yg5Q=,923d69a5679c53a5213141881b6ceec3914e6093a6d836e04f4df59c6096affd.webp
FduH4xnjGWVqlAUFQcrxTfXiKvRgHMTTMDmm6ewhcW4=,1899,KLmSLosNoRlXVgfWAQeMJNxTfy2dt6H3VnEmkCFD+sU=,6e211d288e3b93c13011200e9f66289a1b6513231668174e2fd5e3448362daec.avif
FduH4xnjGWVqlAUFQcrxTfXiKvRgHMTTMDmm6ewhcW4=,1899,SljUa5ZQYene0sj9g3IZg7pScvD4mRkLsIP6hOwle4Q=,8535aac39c62b27c37b333eb15054eb2c4d70cafeacf70253efb96509e955bf2.jpg
FduH4xnjGWVqlAUFQcrxTfXiKvRgHMTTMDmm6ewhcW4=,1899,Up+y634Is/7taN6E6r991k+QsCEQbLhwedUh/m74FEM=,f82f381b48978b166d1a04fdc8cc7c970557bcc210d2fada5ce8ff28583b6efe.webp
FduH4xnjGWVqlAUFQcrxTfXiKvRgHMTTMDmm6ewhcW4=,1417,KLmSLosNoRlXVgfWAQeMJNxTfy2dt6H3VnEmkCFD+sU=,fc209c783b8636c5caec824ecf81e0755212750543acde4985f995dfbffa5d6c.avif
FduH4xnjGWVqlAUFQcrxTfXiKvRgHMTTMDmm6ewhcW4=,1417,SljUa5ZQYene0sj9g3IZg7pScvD4mRkLsIP6hOwle4Q=,513995b5d9184248080454da8fdbf159d0ef2bfe11cd72dbb6f106ad8eaf5311.jpg
FduH4xnjGWVqlAUFQcrxTfXiKvRgHMTTMDmm6ewhcW4=,1417,Up+y634Is/7taN6E6r991k+QsCEQbLhwedUh/m74FEM=,5811d9bbe6413995b07de5e538e6ed2980e38fb6f3561b591a193f81da577173.webp
FduH4xnjGWVqlAUFQcrxTfXiKvRgHMTTMDmm6ewhcW4=,938,KLmSLosNoRlXVgfWAQeMJNxTfy2dt6H3VnEmkCFD+sU=,cd906232daf03d0c148187e1867f6229df4537a24208c552dc57e5ea04f59671.avif
FduH4xnjGWVqlAUFQcrxTfXiKvRgHMTTMDmm6ewhcW4=,938,SljUa5ZQYene0sj9g3IZg7pScvD4mRkLsIP6hOwle4Q=,ee683d99d10816c692a13b2acabc9af2e50b56be4d2a920c7b2a03eeace84e50.jpg
FduH4xnjGWVqlAUFQcrxTfXiKvRgHMTTMDmm6ewhcW4=,938,Up+y634Is/7taN6E6r991k+QsCEQbLhwedUh/m74FEM=,45d748c1ae7f0d35532da27585754e27826fcb29fad536ba0c82dc0dbcc9cad1.webp
FduH4xnjGWVqlAUFQcrxTfXiKvRgHMTTMDmm6ewhcW4=,864,KLmSLosNoRlXVgfWAQeMJNxTfy2dt6H3VnEmkCFD+sU=,75c70b6b15fb3f38400c1d0a08925daf29a257322bccc0d4b8deed68069235bc.avif
FduH4xnjGWVqlAUFQcrxTfXiKvRgHMTTMDmm6ewhcW4=,864,SljUa5ZQYene0sj9g3IZg7pScvD4mRkLsIP6hOwle4Q=,3d55e9041e22fff817ce424502b510525d4724afc1a0570cc95787a453612225.jpg
FduH4xnjGWVqlAUFQcrxTfXiKvRgHMTTMDmm6ewhcW4=,864,Up+y634Is/7taN6E6r991k+QsCEQbLhwedUh/m74FEM=,b9608c8e257291b144f3a74f7ac0222b29febdff8bbbca089cc65dd5cdffb476.webp
FduH4xnjGWVqlAUFQcrxTfXiKvRgHMTTMDmm6ewhcW4=,750,KLmSLosNoRlXVgfWAQeMJNxTfy2dt6H3VnEmkCFD+sU=,f7cbda78d9dbf9c8aaa2659b1efba477414fc9fa193aafcf9116fb243d43577b.avif
FduH4xnjGWVqlAUFQcrxTfXiKvRgHMTTMDmm6ewhcW4=,750,SljUa5ZQYene0sj9g3IZg7pScvD4mRkLsIP6hOwle4Q=,527a8b706ac83bcf9362703b9242253eae8b5bc6b58f8c9b07b43d88fc57fa5b.jpg
FduH4xnjGWVqlAUFQcrxTfXiKvRgHMTTMDmm6ewhcW4=,750,Up+y634Is/7taN6E6r991k+QsCEQbLhwedUh/m74FEM=,9c5938fe7527df6d7d2148306b7a791211d4f0d4266b5da2616af195952ce97e.webp
zbd1cIZXs+zz8EswRNR8d8TAF6EDyTzhjNNdCFN51Gw=,2511,KLmSLosNoRlXVgfWAQeMJNxTfy2dt6H3VnEmkCFD+sU=,7ad7486af921239b9a4d65c041563547f19873d1885fd7008a61fe62525474e8.avif
zbd1cIZXs+zz8EswRNR8d8TAF6EDyTzhjNNdCFN51Gw=,2511,SljUa5ZQYene0sj9g3IZg7pScvD4mRkLsIP6hOwle4Q=,41ed62fc503d821f6b7b09c067ea4efbd92401fe9c4171d016b9f20c2b726156.jpg
zbd1cIZXs+zz8EswRNR8d8TAF6EDyTzhjNNdCFN51Gw=,2511,Up+y634Is/7taN6E6r991k+QsCEQbLhwedUh/m74FEM=,7e8d758a76ef4ed2f1094ff29285c87b320edf8cfbc45dfdc32b81262066f77e.webp
zbd1cIZXs+zz8EswRNR8d8TAF6EDyTzhjNNdCFN51Gw=,1872,KLmSLosNoRlXVgfWAQeMJNxTfy2dt6H3VnEmkCFD+sU=,ab8092eddcd843fe860aee31da5450fc30298ea99673d31ae9ed00ca3fd3cc86.avif
zbd1cIZXs+zz8EswRNR8d8TAF6EDyTzhjNNdCFN51Gw=,1872,SljUa5ZQYene0sj9g3IZg7pScvD4mRkLsIP6hOwle4Q=,c259440f9accd2aaf24dad3a0dadb4d20c1dfed39d212a4380d0673a20483755.jpg
zbd1cIZXs+zz8EswRNR8d8TAF6EDyTzhjNNdCFN51Gw=,1872,Up+y634Is/7taN6E6r991k+QsCEQbLhwedUh/m74FEM=,cafdebb8a651e6873bb41642268d180361a6ca967e4919ca750db107482e3e81.webp
zbd1cIZXs+zz8EswRNR8d8TAF6EDyTzhjNNdCFN51Gw=,1341,KLmSLosNoRlXVgfWAQeMJNxTfy2dt6H3VnEmkCFD+sU=,704dfcaf3b94c99ca9d6e151b50439bc74d6567d076d51743bc0072b8fa8bc52.avif
zbd1cIZXs+zz8EswRNR8d8TAF6EDyTzhjNNdCFN51Gw=,1341,SljUa5ZQYene0sj9g3IZg7pScvD4mRkLsIP6hOwle4Q=,0e2b63d9e281ac3f1604b6b63a2deb03d2f1aac216d5f0f0cb1331b9c191ee5f.jpg
zbd1cIZXs+zz8EswRNR8d8TAF6EDyTzhjNNdCFN51Gw=,1341,Up+y634Is/7taN6E6r991k+QsCEQbLhwedUh/m74FEM=,d322ca74072398f87f294a8631f9762187c0bca90987398b939d333b8087ab65.webp
zbd1cIZXs+zz8EswRNR8d8TAF6EDyTzhjNNdCFN51Gw=,1260,KLmSLosNoRlXVgfWAQeMJNxTfy2dt6H3VnEmkCFD+sU=,ad5598166348103a1594813f4e23c7149d3f4c47cbf69fc1d6d111ff0e3fb5cc.avif
zbd1cIZXs+zz8EswRNR8d8TAF6EDyTzhjNNdCFN51Gw=,1260,SljUa5ZQYene0sj9g3IZg7pScvD4mRkLsIP6hOwle4Q=,1a4d1357b38c7162d623a803ce89385e3ad0c57c6485da959dc02dd070ddbd4f.jpg
zbd1cIZXs+zz8EswRNR8d8TAF6EDyTzhjNNdCFN51Gw=,1260,Up+y634Is/7taN6E6r991k+QsCEQbLhwedUh/m74FEM=,23c727d24d919909ff0c7317ac228a9d4163bac986bb7accd4b05ad04975f022.webp
zbd1cIZXs+zz8EswRNR8d8TAF6EDyTzhjNNdCFN51Gw=,1232,KLmSLosNoRlXVgfWAQeMJNxTfy2dt6H3VnEmkCFD+sU=,2cff360dfb83ad349bef5258ca2741247382d505168b4cebf8a82e8364d2f773.avif
zbd1cIZXs+zz8EswRNR8d8TAF6EDyTzhjNNdCFN51Gw=,1232,SljUa5ZQYene0sj9g3IZg7pScvD4mRkLsIP6hOwle4Q=,1a13a673793c37156868bf9fa8c58fa7639b72cc742bf174c2532938cb1b1617.jpg
zbd1cIZXs+zz8EswRNR8d8TAF6EDyTzhjNNdCFN51Gw=,1232,Up+y634Is/7taN6E6r991k+QsCEQbLhwedUh/m74FEM=,fafe407a7060768e08e018ccace2fc8ed01e9159e2a6fc3ab8f9acee6e9bd88a.webp
zbd1cIZXs+zz8EswRNR8d8TAF6EDyTzhjNNdCFN51Gw=,1176,KLmSLosNoRlXVgfWAQeMJNxTfy2dt6H3VnEmkCFD+sU=,34911b01f50c2245fa7245f99531a3ef238d48ea90810f96fd01d8b5ec87e97f.avif
zbd1cIZXs+zz8EswRNR8d8TAF6EDyTzhjNNdCFN51Gw=,1176,SljUa5ZQYene0sj9g3IZg7pScvD4mRkLsIP6hOwle4Q=,b62cbe3aaca30e448f4ff3ae101e085436709c5af7467f0c25bbb40cc1f997dd.jpg
zbd1cIZXs+zz8EswRNR8d8TAF6EDyTzhjNNdCFN51Gw=,1176,Up+y634Is/7taN6E6r991k+QsCEQbLhwedUh/m74FEM=,ffc50c4b4b96be3456c7e4da7902ab5dcaa9899ff6337f5d042fef77d34b9b9c.webp
zbd1cIZXs+zz8EswRNR8d8TAF6EDyTzhjNNdCFN51Gw=,939,KLmSLosNoRlXVgfWAQeMJNxTfy2dt6H3VnEmkCFD+sU=,113ad290f476757e76d62efd9124701101e03cfeae8538cb161e8e9193e80bad.avif
zbd1cIZXs+zz8EswRNR8d8TAF6EDyTzhjNNdCFN51Gw=,939,SljUa5ZQYene0sj9g3IZg7pScvD4mRkLsIP6hOwle4Q=,7f75e4b598165717e15d6dda2b6c8bee5fb4dded1886e62f0fa0d115648982aa.jpg
zbd1cIZXs+zz8EswRNR8d8TAF6EDyTzhjNNdCFN51Gw=,939,Up+y634Is/7taN6E6r991k+QsCEQbLhwedUh/m74FEM=,d784d8a09051edbba8d3dca319681009278e79de111eba4c0a874287271b3b85.webp
zbd1cIZXs+zz8EswRNR8d8TAF6EDyTzhjNNdCFN51Gw=,913,KLmSLosNoRlXVgfWAQeMJNxTfy2dt6H3VnEmkCFD+sU=,75e5bc6c76491800fdff49ae3aa676e280c14601754a2f621f043c52f3396767.avif
zbd1cIZXs+zz8EswRNR8d8TAF6EDyTzhjNNdCFN51Gw=,913,SljUa5ZQYene0sj9g3IZg7pScvD4mRkLsIP6hOwle4Q=,ee4ee25fa170a97202bd847b5acd3498fbcf9d89db944e0047e9259e4ad30009.jpg
zbd1cIZXs+zz8EswRNR8d8TAF6EDyTzhjNNdCFN51Gw=,913,Up+y634Is/7taN6E6r991k+QsCEQbLhwedUh/m74FEM=,baa3b3a7596a1f171898a03a2b698ed7fb8908a65e65802095ab900aad46a966.webp
zbd1cIZXs+zz8EswRNR8d8TAF6EDyTzhjNNdCFN51Gw=,893,KLmSLosNoRlXVgfWAQeMJNxTfy2dt6H3VnEmkCFD+sU=,dfa31ca230d714342ffece1650475d5f9981a29d0374cb475afd1e577faeb9f5.avif
zbd1cIZXs+zz8EswRNR8d8TAF6EDyTzhjNNdCFN51Gw=,893,SljUa5ZQYene0sj9g3IZg7pScvD4mRkLsIP6hOwle4Q=,5f6d3edd6081e83ae36005014beccc85810f46625b4d32ac324a2574b98d395c.jpg
zbd1cIZXs+zz8EswRNR8d8TAF6EDyTzhjNNdCFN51Gw=,893,Up+y634Is/7taN6E6r991k+QsCEQbLhwedUh/m74FEM=,f20a382e52dcb3c206079e0ab2fef9587e15e07989f7d73790205537d23655d7.webp
zbd1cIZXs+zz8EswRNR8d8TAF6EDyTzhjNNdCFN51Gw=,863,KLmSLosNoRlXVgfWAQeMJNxTfy2dt6H3VnEmkCFD+sU=,c241e480d9f18a2c1cce4b1b87e71206d1fc243b5e6757261babe02fbce09372.avif
zbd1cIZXs+zz8EswRNR8d8TAF6EDyTzhjNNdCFN51Gw=,863,SljUa5ZQYene0sj9g3IZg7pScvD4mRkLsIP6hOwle4Q=,ed5b4a58734861bc0093f1b9b396d83b5aaef5f0aa083b13b7704c1188ad4984.jpg
zbd1cIZXs+zz8EswRNR8d8TAF6EDyTzhjNNdCFN51Gw=,863,Up+y634Is/7taN6E6r991k+QsCEQbLhwedUh/m74FEM=,57f3f904a3cb2cb711794141955bec1958a100a9f2610a49686bb037ef8eb5af.webp
zbd1cIZXs+zz8EswRNR8d8TAF6EDyTzhjNNdCFN51Gw=,860,KLmSLosNoRlXVgfWAQeMJNxTfy2dt6H3VnEmkCFD+sU=,4c24dd193018878062a1c38df576e60e562f74c43aee89d773c9705668485997.avif
zbd1cIZXs+zz8EswRNR8d8TAF6EDyTzhjNNdCFN51Gw=,860,SljUa5ZQYene0sj9g3IZg7pScvD4mRkLsIP6hOwle4Q=,d18cdd723db77eff9c91cc566c0760283b7a848000517473c307bf8936e36f57.jpg
zbd1cIZXs+zz8EswRNR8d8TAF6EDyTzhjNNdCFN51Gw=,860,Up+y634Is/7taN6E6r991k+QsCEQbLhwedUh/m74FEM=,f8772d8d8363038cb87114eb180a2467f0bfd5136c0deb19904515b46ff006a8.webp
zbd1cIZXs+zz8EswRNR8d8TAF6EDyTzhjNNdCFN51Gw=,761,KLmSLosNoRlXVgfWAQeMJNxTfy2dt6H3VnEmkCFD+sU=,076626ad307f0c53f5f0b6eb1fa3364b66c50f41b3f56fb7ca12811f3cda6db4.avif
zbd1cIZXs+zz8EswRNR8d8TAF6EDyTzhjNNdCFN51Gw=,761,SljUa5ZQYene0sj9g3IZg7pScvD4mRkLsIP6hOwle4Q=,be688a62f46a69bbced871f36b07ddf35d96f05101b2cba932d501abf0565269.jpg
zbd1cIZXs+zz8EswRNR8d8TAF6EDyTzhjNNdCFN51Gw=,761,Up+y634Is/7taN6E6r991k+QsCEQbLhwedUh/m74FEM=,b9bb0a54e84c8dc63a760c703f1ca54050eb9936a9386e38f33ddedb5759d373.webp
zbd1cIZXs+zz8EswRNR8d8TAF6EDyTzhjNNdCFN51Gw=,750,KLmSLosNoRlXVgfWAQeMJNxTfy2dt6H3VnEmkCFD+sU=,1c5a5a166214fa92f79735334b83c9545c7c5a2e7ec5179949fd56d6617fd57d.avif
zbd1cIZXs+zz8EswRNR8d8TAF6EDyTzhjNNdCFN51Gw=,750,SljUa5ZQYene0sj9g3IZg7pScvD4mRkLsIP6hOwle4Q=,c8c693157e490606813904fb455711ba42cd95509f7cf54f680b660a4650f473.jpg
zbd1cIZXs+zz8EswRNR8d8TAF6EDyTzhjNNdCFN51Gw=,750,Up+y634Is/7taN6E6r991k+QsCEQbLhwedUh/m74FEM=,b409695e7494eb53e64e55962da6b68d045669cbca73c0cbd1dffea0a18b36e5.webp
jZ5ueQIqt76hX4Dm9eunttdZRuTapcckUiiErNl5MT4=,2511,KLmSLosNoRlXVgfWAQeMJNxTfy2dt6H3VnEmkCFD+sU=,30b24ea7dab3467985cdd778d6178cb44945096980ca7ec556cd383ae6433e49.avif
jZ5ueQIqt76hX4Dm9eunttdZRuTapcckUiiErNl5MT4=,2511,SljUa5ZQYene0sj9g3IZg7pScvD4mRkLsIP6hOwle4Q=,53bba66d4fec97336c5aa4a14bafcf255240cb13cf85b95672462e7aaa314345.jpg
jZ5ueQIqt76hX4Dm9eunttdZRuTapcckUiiErNl5MT4=,2511,Up+y634Is/7taN6E6r991k+QsCEQbLhwedUh/m74FEM=,e32daa50ff7d1256090ed394994c858b45d422a7e50f11c7e14d357fed38c9e6.webp
jZ5ueQIqt76hX4Dm9eunttdZRuTapcckUiiErNl5MT4=,1872,KLmSLosNoRlXVgfWAQeMJNxTfy2dt6H3VnEmkCFD+sU=,baae4d50a1abd500e3a8c3f0501e278b50f1c5d3cdbb0d849afc679a0259160f.avif
jZ5ueQIqt76hX4Dm9eunttdZRuTapcckUiiErNl5MT4=,1872,SljUa5ZQYene0sj9g3IZg7pScvD4mRkLsIP6hOwle4Q=,0e9f597412ffdc1a2a3d4826846d0b6c3fb6bcef06689b1772c52bffc38f1798.jpg
jZ5ueQIqt76hX4Dm9eunttdZRuTapcckUiiErNl5MT4=,1872,Up+y634Is/7taN6E6r991k+QsCEQbLhwedUh/m74FEM=,a3c6c00dbd4a5cb2bbda73ed8a2c86ed9fd7d547fa64a3aa7f879bf06c883b24.webp
jZ5ueQIqt76hX4Dm9eunttdZRuTapcckUiiErNl5MT4=,1232,KLmSLosNoRlXVgfWAQeMJNxTfy2dt6H3VnEmkCFD+sU=,bd798d1a857fb1986440c54cd43877e6dc1168c9c4e09b0e3b360f3dd2c146de.avif
jZ5ueQIqt76hX4Dm9eunttdZRuTapcckUiiErNl5MT4=,1232,SljUa5ZQYene0sj9g3IZg7pScvD4mRkLsIP6hOwle4Q=,ecf1d320fa0cf85717a92ac9c29ed76f6e92cc82692827b90231c0d1f45c388d.jpg
jZ5ueQIqt76hX4Dm9eunttdZRuTapcckUiiErNl5MT4=,1232,Up+y634Is/7taN6E6r991k+QsCEQbLhwedUh/m74FEM=,95a5bfea448ac57490edb8338614e48bf541709a91012d4c71d0cdc4dc770160.webp
jZ5ueQIqt76hX4Dm9eunttdZRuTapcckUiiErNl5MT4=,913,KLmSLosNoRlXVgfWAQeMJNxTfy2dt6H3VnEmkCFD+sU=,1dd3aa8fc4affaeb5606ea635438e32a3a8ef9b3113c195fa0812870b72284af.avif
jZ5ueQIqt76hX4Dm9eunttdZRuTapcckUiiErNl5MT4=,913,SljUa5ZQYene0sj9g3IZg7pScvD4mRkLsIP6hOwle4Q=,94464b779e141ccd7e49cfd0847907513eefd91f8e637fcf6947423e0f7acb46.jpg
jZ5ueQIqt76hX4Dm9eunttdZRuTapcckUiiErNl5MT4=,913,Up+y634Is/7taN6E6r991k+QsCEQbLhwedUh/m74FEM=,8ca67d0161a9500c098d352a17f0d1b24b80284a4a6e193ac54904481225258e.webp
jZ5ueQIqt76hX4Dm9eunttdZRuTapcckUiiErNl5MT4=,863,KLmSLosNoRlXVgfWAQeMJNxTfy2dt6H3VnEmkCFD+sU=,d616322e00bb30314156af0d822e2e94f5b026ee250a40adbeeff41590a9b635.avif
jZ5ueQIqt76hX4Dm9eunttdZRuTapcckUiiErNl5MT4=,863,SljUa5ZQYene0sj9g3IZg7pScvD4mRkLsIP6hOwle4Q=,2e3b6d0808a68337c0264ddd5c0f31febd3feffbf8ca365c6de3b642ad728f78.jpg
jZ5ueQIqt76hX4Dm9eunttdZRuTapcckUiiErNl5MT4=,863,Up+y634Is/7taN6E6r991k+QsCEQbLhwedUh/m74FEM=,6479b95e93de926072be33bfeb1ff7f3827e1290ed5048c641710072f7a66d7e.webp
jZ5ueQIqt76hX4Dm9eunttdZRuTapcckUiiErNl5MT4=,750,KLmSLosNoRlXVgfWAQeMJNxTfy2dt6H3VnEmkCFD+sU=,5754c8a180bbd38b261e4b40b197cdf43c0482bfd0028f245bbcfdfbb1f8bf37.avif
jZ5ueQIqt76hX4Dm9eunttdZRuTapcckUiiErNl5MT4=,750,SljUa5ZQYene0sj9g3IZg7pScvD4mRkLsIP6hOwle4Q=,bb3baa1f58c438af5f7cc3ae726d43329b562b23cecbbd3d0450cfd4eb27f204.jpg
jZ5ueQIqt76hX4Dm9eunttdZRuTapcckUiiErNl5MT4=,750,Up+y634Is/7taN6E6r991k+QsCEQbLhwedUh/m74FEM=,b86abdc6e0664db4887d52b3ce39960cdc5d8941e1ca3ed251d9c067097f71ed.webp
odryL2zN6db+0diyFL5FRWWpyd3sSaZuUSrs+bcZlas=,768,KLmSLosNoRlXVgfWAQeMJNxTfy2dt6H3VnEmkCFD+sU=,fd73ffcd66938978eb6d9be6070461e44accc623464a3692b4a1ee7ca4670030.avif
odryL2zN6db+0diyFL5FRWWpyd3sSaZuUSrs+bcZlas=,768,SljUa5ZQYene0sj9g3IZg7pScvD4mRkLsIP6hOwle4Q=,9d7dd687bf6a3443570436c7ac440681de176d488e3d19ca3b7b4d2e46d2baf0.jpg
odryL2zN6db+0diyFL5FRWWpyd3sSaZuUSrs+bcZlas=,768,Up+y634Is/7taN6E6r991k+QsCEQbLhwedUh/m74FEM=,b5fd307c2de59d18dbad4a73a05cc2dee6bf3773a6b17cdf1adbb646dc920ec3.webp
odryL2zN6db+0diyFL5FRWWpyd3sSaZuUSrs+bcZlas=,649,RBNvo1WzZ4oRRq0W9+hknpT7T8If536DEMBg9hyq/4o=,fd73ffcd66938978eb6d9be6070461e44accc623464a3692b4a1ee7ca4670030.avif
odryL2zN6db+0diyFL5FRWWpyd3sSaZuUSrs+bcZlas=,649,RBNvo1WzZ4oRRq0W9+hknpT7T8If536DEMBg9hyq/4o=,9d7dd687bf6a3443570436c7ac440681de176d488e3d19ca3b7b4d2e46d2baf0.jpg
odryL2zN6db+0diyFL5FRWWpyd3sSaZuUSrs+bcZlas=,649,RBNvo1WzZ4oRRq0W9+hknpT7T8If536DEMBg9hyq/4o=,b5fd307c2de59d18dbad4a73a05cc2dee6bf3773a6b17cdf1adbb646dc920ec3.webp
odryL2zN6db+0diyFL5FRWWpyd3sSaZuUSrs+bcZlas=,308,RBNvo1WzZ4oRRq0W9+hknpT7T8If536DEMBg9hyq/4o=,fd73ffcd66938978eb6d9be6070461e44accc623464a3692b4a1ee7ca4670030.avif
odryL2zN6db+0diyFL5FRWWpyd3sSaZuUSrs+bcZlas=,308,RBNvo1WzZ4oRRq0W9+hknpT7T8If536DEMBg9hyq/4o=,9d7dd687bf6a3443570436c7ac440681de176d488e3d19ca3b7b4d2e46d2baf0.jpg
odryL2zN6db+0diyFL5FRWWpyd3sSaZuUSrs+bcZlas=,308,RBNvo1WzZ4oRRq0W9+hknpT7T8If536DEMBg9hyq/4o=,b5fd307c2de59d18dbad4a73a05cc2dee6bf3773a6b17cdf1adbb646dc920ec3.webp
odryL2zN6db+0diyFL5FRWWpyd3sSaZuUSrs+bcZlas=,246,RBNvo1WzZ4oRRq0W9+hknpT7T8If536DEMBg9hyq/4o=,fd73ffcd66938978eb6d9be6070461e44accc623464a3692b4a1ee7ca4670030.avif
odryL2zN6db+0diyFL5FRWWpyd3sSaZuUSrs+bcZlas=,246,RBNvo1WzZ4oRRq0W9+hknpT7T8If536DEMBg9hyq/4o=,9d7dd687bf6a3443570436c7ac440681de176d488e3d19ca3b7b4d2e46d2baf0.jpg
odryL2zN6db+0diyFL5FRWWpyd3sSaZuUSrs+bcZlas=,246,RBNvo1WzZ4oRRq0W9+hknpT7T8If536DEMBg9hyq/4o=,b5fd307c2de59d18dbad4a73a05cc2dee6bf3773a6b17cdf1adbb646dc920ec3.webp
equ1f/5o7WGwVZ7ZlXXk5H8kaCgbT+t+9/nlqj8Zmvs=,4032,KLmSLosNoRlXVgfWAQeMJNxTfy2dt6H3VnEmkCFD+sU=,6ec077016a4b80fbe7caad91aa8ef856612f8c293770c72dbf3cf970a9c95a25.avif
equ1f/5o7WGwVZ7ZlXXk5H8kaCgbT+t+9/nlqj8Zmvs=,4032,SljUa5ZQYene0sj9g3IZg7pScvD4mRkLsIP6hOwle4Q=,6d63c91d4aa711df67ce2040b5df4e9c616c93b50749ec83906713595a386f02.jpg
equ1f/5o7WGwVZ7ZlXXk5H8kaCgbT+t+9/nlqj8Zmvs=,4032,Up+y634Is/7taN6E6r991k+QsCEQbLhwedUh/m74FEM=,1b39c05e7489bdb1403e4a241695ca95ce933e1a04dbe03b2e696ab5e9671ca4.webp
equ1f/5o7WGwVZ7ZlXXk5H8kaCgbT+t+9/nlqj8Zmvs=,3388,KLmSLosNoRlXVgfWAQeMJNxTfy2dt6H3VnEmkCFD+sU=,84560e5c45efa343391c02554b55f6b6a2eb93914643df8a7744b47114767cf5.avif
equ1f/5o7WGwVZ7ZlXXk5H8kaCgbT+t+9/nlqj8Zmvs=,3388,SljUa5ZQYene0sj9g3IZg7pScvD4mRkLsIP6hOwle4Q=,c3eea5508c49e2e8bd14c01377dae587f38414664024f6fa3154dbe3530d1c23.jpg
equ1f/5o7WGwVZ7ZlXXk5H8kaCgbT+t+9/nlqj8Zmvs=,3388,Up+y634Is/7taN6E6r991k+QsCEQbLhwedUh/m74FEM=,d7c9d4e391c4287026abe13fa3e475affa93de75b10d4a3152aa0e5ffe0b4691.webp
equ1f/5o7WGwVZ7ZlXXk5H8kaCgbT+t+9/nlqj8Zmvs=,2459,KLmSLosNoRlXVgfWAQeMJNxTfy2dt6H3VnEmkCFD+sU=,ba719cf7db1067a320f6e3cf606d0f35ea55264864b4edaf711a9e468aa86591.avif
equ1f/5o7WGwVZ7ZlXXk5H8kaCgbT+t+9/nlqj8Zmvs=,2459,SljUa5ZQYene0sj9g3IZg7pScvD4mRkLsIP6hOwle4Q=,0d19382411f9916b4b49ab8486d0edeca8512870010c1ff100c2604b3b9c0639.jpg
equ1f/5o7WGwVZ7ZlXXk5H8kaCgbT+t+9/nlqj8Zmvs=,2459,Up+y634Is/7taN6E6r991k+QsCEQbLhwedUh/m74FEM=,a14cde142bc375f2dc5d9d6e2cbfe07fb6b132a2c7eab4c810d71b42cda0d6c5.webp
equ1f/5o7WGwVZ7ZlXXk5H8kaCgbT+t+9/nlqj8Zmvs=,2010,KLmSLosNoRlXVgfWAQeMJNxTfy2dt6H3VnEmkCFD+sU=,acdd697eb1387b43f31f94074496a94985a1739fdb5c37dc8e7254a917e170a8.avif
equ1f/5o7WGwVZ7ZlXXk5H8kaCgbT+t+9/nlqj8Zmvs=,2010,SljUa5ZQYene0sj9g3IZg7pScvD4mRkLsIP6hOwle4Q=,c139a393dac2c586770380cae473a00e3c1419077bcaa58883a9a674ca9dd5d9.jpg
equ1f/5o7WGwVZ7ZlXXk5H8kaCgbT+t+9/nlqj8Zmvs=,2010,Up+y634Is/7taN6E6r991k+QsCEQbLhwedUh/m74FEM=,5d0bb2d850cb7e405eb362994c6069055fa7959e9082413143f6f133d79e671e.webp
equ1f/5o7WGwVZ7ZlXXk5H8kaCgbT+t+9/nlqj8Zmvs=,1936,KLmSLosNoRlXVgfWAQeMJNxTfy2dt6H3VnEmkCFD+sU=,13ae67bcf1dfa850ce833d0d48751fd4d7cb8d168166663a8cac82907a009a73.avif
equ1f/5o7WGwVZ7ZlXXk5H8kaCgbT+t+9/nlqj8Zmvs=,1936,SljUa5ZQYene0sj9g3IZg7pScvD4mRkLsIP6hOwle4Q=,bb2ef096ebd2ceb3a752ea11a3ee952e60cd88176e4911bbe741f5a0c47dbced.jpg
equ1f/5o7WGwVZ7ZlXXk5H8kaCgbT+t+9/nlqj8Zmvs=,1936,Up+y634Is/7taN6E6r991k+QsCEQbLhwedUh/m74FEM=,e161919d43faedf9a4cf5e01f04a442193ccab797f73170ca102a57c179eff99.webp
equ1f/5o7WGwVZ7ZlXXk5H8kaCgbT+t+9/nlqj8Zmvs=,1820,KLmSLosNoRlXVgfWAQeMJNxTfy2dt6H3VnEmkCFD+sU=,b79fdb0479102c72d37f6df3ba08373873378ed73d71a3ff883c8c8ddbd51d45.avif
equ1f/5o7WGwVZ7ZlXXk5H8kaCgbT+t+9/nlqj8Zmvs=,1820,SljUa5ZQYene0sj9g3IZg7pScvD4mRkLsIP6hOwle4Q=,8b7cede152e0c3c6de6eaff039632f8d1aa21e48ded0d771a15a4b49da5e1c06.jpg
equ1f/5o7WGwVZ7ZlXXk5H8kaCgbT+t+9/nlqj8Zmvs=,1820,Up+y634Is/7taN6E6r991k+QsCEQbLhwedUh/m74FEM=,738d22f0daa7cff0c8f97f8ff57ec8a847822089a8151f2f7c2d5fdb1f5c8378.webp
equ1f/5o7WGwVZ7ZlXXk5H8kaCgbT+t+9/nlqj8Zmvs=,1756,KLmSLosNoRlXVgfWAQeMJNxTfy2dt6H3VnEmkCFD+sU=,7b0b8d89b2e36acbbd432e51a82a56f2fe2eb515127a0d519e4544690099c895.avif
equ1f/5o7WGwVZ7ZlXXk5H8kaCgbT+t+9/nlqj8Zmvs=,1756,SljUa5ZQYene0sj9g3IZg7pScvD4mRkLsIP6hOwle4Q=,42264e65fed62e4037dce0b6f36b51347ca2102ed693010492de34c150de4f1d.jpg
equ1f/5o7WGwVZ7ZlXXk5H8kaCgbT+t+9/nlqj8Zmvs=,1756,Up+y634Is/7taN6E6r991k+QsCEQbLhwedUh/m74FEM=,efd9e2194f58a1877932f7e87afa24afbf080f258fc9794dc8b493f035574fc8.webp
equ1f/5o7WGwVZ7ZlXXk5H8kaCgbT+t+9/nlqj8Zmvs=,1655,KLmSLosNoRlXVgfWAQeMJNxTfy2dt6H3VnEmkCFD+sU=,331d7d590c3223c1c98796c4060579f53cca3ed2aebdc37a28a5242ab7834679.avif
equ1f/5o7WGwVZ7ZlXXk5H8kaCgbT+t+9/nlqj8Zmvs=,1655,SljUa5ZQYene0sj9g3IZg7pScvD4mRkLsIP6hOwle4Q=,24ac6d5b451d42adfc235c51904ff485cb0871e529eb554c3cee0477a9bd3140.jpg
equ1f/5o7WGwVZ7ZlXXk5H8kaCgbT+t+9/nlqj8Zmvs=,1655,Up+y634Is/7taN6E6r991k+QsCEQbLhwedUh/m74FEM=,835b412c0a1b157f47b712517570e849affb57d2ae76014e5d0aa466dda799c6.webp
O6Vk007Iuhb6HIcFiWAjOl6wrVDlcewSyGRSLd58jb0=,1600,KLmSLosNoRlXVgfWAQeMJNxTfy2dt6H3VnEmkCFD+sU=,5defcd6e65abd09d87526ab1c8e06b34b55364e7f7e186013c0ee764effe4d11.avif
O6Vk007Iuhb6HIcFiWAjOl6wrVDlcewSyGRSLd58jb0=,1600,SljUa5ZQYene0sj9g3IZg7pScvD4mRkLsIP6hOwle4Q=,69db13ed4c47177d4e0f4ae9e78d63a5cd23ca563d515d7392747f2bbbb8a3db.jpg
O6Vk007Iuhb6HIcFiWAjOl6wrVDlcewSyGRSLd58jb0=,1600,Up+y634Is/7taN6E6r991k+QsCEQbLhwedUh/m74FEM=,86ac823a53223cc17eeec61efb15d5ceb8b0ab2fcb2ea3ae248d9d79b965525b.webp
O6Vk007Iuhb6HIcFiWAjOl6wrVDlcewSyGRSLd58jb0=,1380,RBNvo1WzZ4oRRq0W9+hknpT7T8If536DEMBg9hyq/4o=,5defcd6e65abd09d87526ab1c8e06b34b55364e7f7e186013c0ee764effe4d11.avif
O6Vk007Iuhb6HIcFiWAjOl6wrVDlcewSyGRSLd58jb0=,1380,RBNvo1WzZ4oRRq0W9+hknpT7T8If536DEMBg9hyq/4o=,69db13ed4c47177d4e0f4ae9e78d63a5cd23ca563d515d7392747f2bbbb8a3db.jpg
O6Vk007Iuhb6HIcFiWAjOl6wrVDlcewSyGRSLd58jb0=,1380,RBNvo1WzZ4oRRq0W9+hknpT7T8If536DEMBg9hyq/4o=,86ac823a53223cc17eeec61efb15d5ceb8b0ab2fcb2ea3ae248d9d79b965525b.webp
O6Vk007Iuhb6HIcFiWAjOl6wrVDlcewSyGRSLd58jb0=,1306,RBNvo1WzZ4oRRq0W9+hknpT7T8If536DEMBg9hyq/4o=,5defcd6e65abd09d87526ab1c8e06b34b55364e7f7e186013c0ee764effe4d11.avif
O6Vk007Iuhb6HIcFiWAjOl6wrVDlcewSyGRSLd58jb0=,1306,RBNvo1WzZ4oRRq0W9+hknpT7T8If536DEMBg9hyq/4o=,69db13ed4c47177d4e0f4ae9e78d63a5cd23ca563d515d7392747f2bbbb8a3db.jpg
O6Vk007Iuhb6HIcFiWAjOl6wrVDlcewSyGRSLd58jb0=,1306,RBNvo1WzZ4oRRq0W9+hknpT7T8If536DEMBg9hyq/4o=,86ac823a53223cc17eeec61efb15d5ceb8b0ab2fcb2ea3ae248d9d79b965525b.webp
O6Vk007Iuhb6HIcFiWAjOl6wrVDlcewSyGRSLd58jb0=,964,RBNvo1WzZ4oRRq0W9+hknpT7T8If536DEMBg9hyq/4o=,5defcd6e65abd09d87526ab1c8e06b34b55364e7f7e186013c0ee764effe4d11.avif
O6Vk007Iuhb6HIcFiWAjOl6wrVDlcewSyGRSLd58jb0=,964,RBNvo1WzZ4oRRq0W9+hknpT7T8If536DEMBg9hyq/4o=,69db13ed4c47177d4e0f4ae9e78d63a5cd23ca563d515d7392747f2bbbb8a3db.jpg
O6Vk007Iuhb6HIcFiWAjOl6wrVDlcewSyGRSLd58jb0=,964,RBNvo1WzZ4oRRq0W9+hknpT7T8If536DEMBg9hyq/4o=,86ac823a53223cc17eeec61efb15d5ceb8b0ab2fcb2ea3ae248d9d79b965525b.webp
O6Vk007Iuhb6HIcFiWAjOl6wrVDlcewSyGRSLd58jb0=,708,RBNvo1WzZ4oRRq0W9+hknpT7T8If536DEMBg9hyq/4o=,5defcd6e65abd09d87526ab1c8e06b34b55364e7f7e186013c0ee764effe4d11.avif
O6Vk007Iuhb6HIcFiWAjOl6wrVDlcewSyGRSLd58jb0=,708,RBNvo1WzZ4oRRq0W9+hknpT7T8If536DEMBg9hyq/4o=,69db13ed4c47177d4e0f4ae9e78d63a5cd23ca563d515d7392747f2bbbb8a3db.jpg
O6Vk007Iuhb6HIcFiWAjOl6wrVDlcewSyGRSLd58jb0=,708,RBNvo1WzZ4oRRq0W9+hknpT7T8If536DEMBg9hyq/4o=,86ac823a53223cc17eeec61efb15d5ceb8b0ab2fcb2ea3ae248d9d79b965525b.webp
O6Vk007Iuhb6HIcFiWAjOl6wrVDlcewSyGRSLd58jb0=,580,RBNvo1WzZ4oRRq0W9+hknpT7T8If536DEMBg9hyq/4o=,5defcd6e65abd09d87526ab1c8e06b34b55364e7f7e186013c0ee764effe4d11.avif
O6Vk007Iuhb6HIcFiWAjOl6wrVDlcewSyGRSLd58jb0=,580,RBNvo1WzZ4oRRq0W9+hknpT7T8If536DEMBg9hyq/4o=,69db13ed4c47177d4e0f4ae9e78d63a5cd23ca563d515d7392747f2bbbb8a3db.jpg
O6Vk007Iuhb6HIcFiWAjOl6wrVDlcewSyGRSLd58jb0=,580,RBNvo1WzZ4oRRq0W9+hknpT7T8If536DEMBg9hyq/4o=,86ac823a53223cc17eeec61efb15d5ceb8b0ab2fcb2ea3ae248d9d79b965525b.webp
O6Vk007Iuhb6HIcFiWAjOl6wrVDlcewSyGRSLd58jb0=,434,RBNvo1WzZ4oRRq0W9+hknpT7T8If536DEMBg9hyq/4o=,5defcd6e65abd09d87526ab1c8e06b34b55364e7f7e186013c0ee764effe4d11.avif
O6Vk007Iuhb6HIcFiWAjOl6wrVDlcewSyGRSLd58jb0=,434,RBNvo1WzZ4oRRq0W9+hknpT7T8If536DEMBg9hyq/4o=,69db13ed4c47177d4e0f4ae9e78d63a5cd23ca563d515d7392747f2bbbb8a3db.jpg
O6Vk007Iuhb6HIcFiWAjOl6wrVDlcewSyGRSLd58jb0=,434,RBNvo1WzZ4oRRq0W9+hknpT7T8If536DEMBg9hyq/4o=,86ac823a53223cc17eeec61efb15d5ceb8b0ab2fcb2ea3ae248d9d79b965525b.webp
DZJ8d84s9aCHuEgqcyxAfLJaVWxJM5v9zbHvDybbfko=,2511,KLmSLosNoRlXVgfWAQeMJNxTfy2dt6H3VnEmkCFD+sU=,33eeb6fa19f55f14ba516dd268331254cb2ba2780ec1c48fbc20c5f2cbb56f71.avif
DZJ8d84s9aCHuEgqcyxAfLJaVWxJM5v9zbHvDybbfko=,2511,SljUa5ZQYene0sj9g3IZg7pScvD4mRkLsIP6hOwle4Q=,5607230ff30cb419ea67d4e5a10a3141e3a2b90360981c241e14b6be09d15f52.jpg
DZJ8d84s9aCHuEgqcyxAfLJaVWxJM5v9zbHvDybbfko=,2511,Up+y634Is/7taN6E6r991k+QsCEQbLhwedUh/m74FEM=,e34a231065ea2a0eebce82e70ebf8ab512d5e2fb14a8885d78c5fa4e93e3a958.webp
DZJ8d84s9aCHuEgqcyxAfLJaVWxJM5v9zbHvDybbfko=,1871,KLmSLosNoRlXVgfWAQeMJNxTfy2dt6H3VnEmkCFD+sU=,b518e95a46166533d3605f536f910ec7a3438615c1ddc60e028c33622a894501.avif
DZJ8d84s9aCHuEgqcyxAfLJaVWxJM5v9zbHvDybbfko=,1871,SljUa5ZQYene0sj9g3IZg7pScvD4mRkLsIP6hOwle4Q=,9d82b50781afab6a049fce419560201ea6ec7cab950032ab57bd6b25c84da5e6.jpg
DZJ8d84s9aCHuEgqcyxAfLJaVWxJM5v9zbHvDybbfko=,1871,Up+y634Is/7taN6E6r991k+QsCEQbLhwedUh/m74FEM=,b89aa54ef87e230956931dc36c0811fcabac2459164addcfb07445d36fb20c43.webp
DZJ8d84s9aCHuEgqcyxAfLJaVWxJM5v9zbHvDybbfko=,1231,KLmSLosNoRlXVgfWAQeMJNxTfy2dt6H3VnEmkCFD+sU=,7114791f42165a4494eeb0986d3dbefd815c4965705fea3efc7dc5f6e9dc177b.avif
DZJ8d84s9aCHuEgqcyxAfLJaVWxJM5v9zbHvDybbfko=,1231,SljUa5ZQYene0sj9g3IZg7pScvD4mRkLsIP6hOwle4Q=,c13eae693151c1fa8cded0b03994d68c57ed095ba04585cae85c2ddcdaa6d14f.jpg
DZJ8d84s9aCHuEgqcyxAfLJaVWxJM5v9zbHvDybbfko=,1231,Up+y634Is/7taN6E6r991k+QsCEQbLhwedUh/m74FEM=,fdb83bbe278886fc50d56512b4bddec31909fa08a50cfd02508bacd8d0440f95.webp
DZJ8d84s9aCHuEgqcyxAfLJaVWxJM5v9zbHvDybbfko=,911,KLmSLosNoRlXVgfWAQeMJNxTfy2dt6H3VnEmkCFD+sU=,2ef7349099b1c444bf54b18bb3491d94d6cfab7eea9c3d4516cc9afe3ed3be52.avif
DZJ8d84s9aCHuEgqcyxAfLJaVWxJM5v9zbHvDybbfko=,911,SljUa5ZQYene0sj9g3IZg7pScvD4mRkLsIP6hOwle4Q=,9b3c0aa86e5e75913345bdb3e7323c2815accf0d148055d35536df0e3a213245.jpg
DZJ8d84s9aCHuEgqcyxAfLJaVWxJM5v9zbHvDybbfko=,911,Up+y634Is/7taN6E6r991k+QsCEQbLhwedUh/m74FEM=,5159d10589760e7b2b78b130d6e635c7758e17354812fb5e3a34b807a1b2aea1.webp
DZJ8d84s9aCHuEgqcyxAfLJaVWxJM5v9zbHvDybbfko=,862,KLmSLosNoRlXVgfWAQeMJNxTfy2dt6H3VnEmkCFD+sU=,c11dc020c6701824878f5c9f8d6b64675a52e270800a9efa3a7b5489fc0fd354.avif
DZJ8d84s9aCHuEgqcyxAfLJaVWxJM5v9zbHvDybbfko=,862,SljUa5ZQYene0sj9g3IZg7pScvD4mRkLsIP6hOwle4Q=,c15703f3ef69c4b4efd247f2e9682566cfe30458fafaab277bad3a2bbf0c37e2.jpg
DZJ8d84s9aCHuEgqcyxAfLJaVWxJM5v9zbHvDybbfko=,862,Up+y634Is/7taN6E6r991k+QsCEQbLhwedUh/m74FEM=,7658a9163644ee3d25eb75120839621b50a8da9a5eec165c39e51e49e5225d4a.webp
DZJ8d84s9aCHuEgqcyxAfLJaVWxJM5v9zbHvDybbfko=,634,KLmSLosNoRlXVgfWAQeMJNxTfy2dt6H3VnEmkCFD+sU=,d6c0418f3373c72802ea8e707e15d55b8aabd45c1d53dbc8bcc07b9ad11cfed0.avif
DZJ8d84s9aCHuEgqcyxAfLJaVWxJM5v9zbHvDybbfko=,634,SljUa5ZQYene0sj9g3IZg7pScvD4mRkLsIP6hOwle4Q=,df6e35d1cadf5c3780045f1c21eae97d58f4972abe6591257a4459938d56f5e2.jpg
DZJ8d84s9aCHuEgqcyxAfLJaVWxJM5v9zbHvDybbfko=,634,Up+y634Is/7taN6E6r991k+QsCEQbLhwedUh/m74FEM=,210a764a6fcdef7e606817401849985a2fe3ed56230290faf1a498b948f48295.webp
DZJ8d84s9aCHuEgqcyxAfLJaVWxJM5v9zbHvDybbfko=,463,KLmSLosNoRlXVgfWAQeMJNxTfy2dt6H3VnEmkCFD+sU=,825c3a4e4041a6ac88f0f452240740dd9a79010cc005d1f79345a4591cf2a0d8.avif
DZJ8d84s9aCHuEgqcyxAfLJaVWxJM5v9zbHvDybbfko=,463,SljUa5ZQYene0sj9g3IZg7pScvD4mRkLsIP6hOwle4Q=,adc0881d388e95b665b5a37522ed9f94b18e62905cb494f593c9da77833cda2e.jpg
DZJ8d84s9aCHuEgqcyxAfLJaVWxJM5v9zbHvDybbfko=,463,Up+y634Is/7taN6E6r991k+QsCEQbLhwedUh/m74FEM=,75da9548ae04e3b4f62b441c744af64fcc781febd136bb190ea12c723e5d1668.webp
DZJ8d84s9aCHuEgqcyxAfLJaVWxJM5v9zbHvDybbfko=,378,KLmSLosNoRlXVgfWAQeMJNxTfy2dt6H3VnEmkCFD+sU=,e4d0d74b14dceb33f837db78b5d6d7d8b0f95841db0f4687209d54468c0a6e68.avif
DZJ8d84s9aCHuEgqcyxAfLJaVWxJM5v9zbHvDybbfko=,378,SljUa5ZQYene0sj9g3IZg7pScvD4mRkLsIP6hOwle4Q=,85fc33acc374474b8b8b650393427d74c6f62fdcac2b09f536efa316628c5505.jpg
DZJ8d84s9aCHuEgqcyxAfLJaVWxJM5v9zbHvDybbfko=,378,Up+y634Is/7taN6E6r991k+QsCEQbLhwedUh/m74FEM=,6f309916aef2bd717be2a316b2ddf976643e17567148c4fdf2e95fc5547521c7.webp
DZJ8d84s9aCHuEgqcyxAfLJaVWxJM5v9zbHvDybbfko=,227,KLmSLosNoRlXVgfWAQeMJNxTfy2dt6H3VnEmkCFD+sU=,6d0da888589861e984f00a8a54bb53748b4a4d225bca6da71495b1493e603d3c.avif
DZJ8d84s9aCHuEgqcyxAfLJaVWxJM5v9zbHvDybbfko=,227,SljUa5ZQYene0sj9g3IZg7pScvD4mRkLsIP6hOwle4Q=,144f591804ccf13844011fefc28370c68d97ba264a32be682fad3fdd98f89a77.jpg
DZJ8d84s9aCHuEgqcyxAfLJaVWxJM5v9zbHvDybbfko=,227,Up+y634Is/7taN6E6r991k+QsCEQbLhwedUh/m74FEM=,8373f842720c9c2eda84e227ca2bd59e91a0525f1b6fb451dd7ce4e6153d4335.webp
DZJ8d84s9aCHuEgqcyxAfLJaVWxJM5v9zbHvDybbfko=,202,KLmSLosNoRlXVgfWAQeMJNxTfy2dt6H3VnEmkCFD+sU=,890c16f8838947a0e71aafbfbce17cc35d54750abd1439caea026069466d1856.avif
DZJ8d84s9aCHuEgqcyxAfLJaVWxJM5v9zbHvDybbfko=,202,SljUa5ZQYene0sj9g3IZg7pScvD4mRkLsIP6hOwle4Q=,621efabc4eb6a10bf02a94d18c3d5972a9dc6eaa2471cdbf088fc06519b9c70a.jpg
DZJ8d84s9aCHuEgqcyxAfLJaVWxJM5v9zbHvDybbfko=,202,Up+y634Is/7taN6E6r991k+QsCEQbLhwedUh/m74FEM=,ce20ab4634f2ae437542bdcb6f381e476919a068fc6ea6b4662cb35b5ad52363.webp
DZJ8d84s9aCHuEgqcyxAfLJaVWxJM5v9zbHvDybbfko=,191,KLmSLosNoRlXVgfWAQeMJNxTfy2dt6H3VnEmkCFD+sU=,4499ffb80d6f1774038bd1acf51763685d138495f0a195be0bc3e8a4299a9b1c.avif
DZJ8d84s9aCHuEgqcyxAfLJaVWxJM5v9zbHvDybbfko=,191,SljUa5ZQYene0sj9g3IZg7pScvD4mRkLsIP6hOwle4Q=,ce2229f3a7482b7fb3c511d4d0b1fe18d3c0e9fa03642e57389e39e53cfa5b1e.jpg
DZJ8d84s9aCHuEgqcyxAfLJaVWxJM5v9zbHvDybbfko=,191,Up+y634Is/7taN6E6r991k+QsCEQbLhwedUh/m74FEM=,17613a61bfe328bd99ae596de780ed4f7d327bd3291bd945f2ca8c5cf9db507d.webp
21Lt2z/aLz41uZbfZqRdidrEIS37EBmApS4Agbt7OEQ=,2511,KLmSLosNoRlXVgfWAQeMJNxTfy2dt6H3VnEmkCFD+sU=,c0f4e6cf60e7962f2e67715bf45549d3b7be3ba402c3ef0d3ae2aaedf33a0e79.avif
21Lt2z/aLz41uZbfZqRdidrEIS37EBmApS4Agbt7OEQ=,2511,SljUa5ZQYene0sj9g3IZg7pScvD4mRkLsIP6hOwle4Q=,bfdc5ff601daa1df33ac1d5c277cbb34264ff5926311de912f657b2d4bba52a0.jpg
21Lt2z/aLz41uZbfZqRdidrEIS37EBmApS4Agbt7OEQ=,2511,Up+y634Is/7taN6E6r991k+QsCEQbLhwedUh/m74FEM=,e1c1ebe21c1c9a043cb235644ac448dc2fc7509e3291e4284cf503cbbe906c51.webp
21Lt2z/aLz41uZbfZqRdidrEIS37EBmApS4Agbt7OEQ=,1871,KLmSLosNoRlXVgfWAQeMJNxTfy2dt6H3VnEmkCFD+sU=,2c8d80f7bc4d65cbbfb2bb744ee3763653526df1c122615a8c5e075cab5db352.avif
21Lt2z/aLz41uZbfZqRdidrEIS37EBmApS4Agbt7OEQ=,1871,SljUa5ZQYene0sj9g3IZg7pScvD4mRkLsIP6hOwle4Q=,eb37f8698773cf2b68758e858caf1c3c097a8a59a860b45670d7d3ae91cd454b.jpg
21Lt2z/aLz41uZbfZqRdidrEIS37EBmApS4Agbt7OEQ=,1871,Up+y634Is/7taN6E6r991k+QsCEQbLhwedUh/m74FEM=,9aac170d18fe58b805af0757e193ed47c0746fffb1f332e1f29b6dd481ed53ea.webp
21Lt2z/aLz41uZbfZqRdidrEIS37EBmApS4Agbt7OEQ=,1231,KLmSLosNoRlXVgfWAQeMJNxTfy2dt6H3VnEmkCFD+sU=,f2a2dd268422b1033a03b2a52ecd701de6ee7e3aee863d8cc3f3c1a26b0d3b74.avif
21Lt2z/aLz41uZbfZqRdidrEIS37EBmApS4Agbt7OEQ=,1231,SljUa5ZQYene0sj9g3IZg7pScvD4mRkLsIP6hOwle4Q=,5f3d81152444ea648614b2626c31f4270d3df40c02356235314ff172803f6ad1.jpg
21Lt2z/aLz41uZbfZqRdidrEIS37EBmApS4Agbt7OEQ=,1231,Up+y634Is/7taN6E6r991k+QsCEQbLhwedUh/m74FEM=,5627edd26879a2b29afe4782511929deeb52a883592da505d281aa3e92485dd2.webp
21Lt2z/aLz41uZbfZqRdidrEIS37EBmApS4Agbt7OEQ=,911,KLmSLosNoRlXVgfWAQeMJNxTfy2dt6H3VnEmkCFD+sU=,8d629a218917d30490e68053952a17ea8b91f3161f25bab5375634cc4a70fb79.avif
21Lt2z/aLz41uZbfZqRdidrEIS37EBmApS4Agbt7OEQ=,911,SljUa5ZQYene0sj9g3IZg7pScvD4mRkLsIP6hOwle4Q=,d6d8ad827f306b8b580a3716380d8219a555bd5631a73e9765ebee2f85786e9a.jpg
21Lt2z/aLz41uZbfZqRdidrEIS37EBmApS4Agbt7OEQ=,911,Up+y634Is/7taN6E6r991k+QsCEQbLhwedUh/m74FEM=,49fed3c77699ce2a6894e88275cf0346532331a73817fb4c1946a78122033439.webp
21Lt2z/aLz41uZbfZqRdidrEIS37EBmApS4Agbt7OEQ=,862,KLmSLosNoRlXVgfWAQeMJNxTfy2dt6H3VnEmkCFD+sU=,e0ad70a177303a800061fca082293c1a76cddc4fa696f13c45b62427b2a4f37d.avif
21Lt2z/aLz41uZbfZqRdidrEIS37EBmApS4Agbt7OEQ=,862,SljUa5ZQYene0sj9g3IZg7pScvD4mRkLsIP6hOwle4Q=,a933680e59e1eb7964442d46716c046e36962dbac46b81edb88f74b9e44c4892.jpg
21Lt2z/aLz41uZbfZqRdidrEIS37EBmApS4Agbt7OEQ=,862,Up+y634Is/7taN6E6r991k+QsCEQbLhwedUh/m74FEM=,8127330aeeb64024bbdc9909f707b83d422feb5bea4e18b62909c51b2ac845f7.webp
21Lt2z/aLz41uZbfZqRdidrEIS37EBmApS4Agbt7OEQ=,634,KLmSLosNoRlXVgfWAQeMJNxTfy2dt6H3VnEmkCFD+sU=,39794c90ec55fb64753a6e35e62666d4ceca39f1b96c80f2b8b1cfceacbdec53.avif
21Lt2z/aLz41uZbfZqRdidrEIS37EBmApS4Agbt7OEQ=,634,SljUa5ZQYene0sj9g3IZg7pScvD4mRkLsIP6hOwle4Q=,7f224558fdd0d214164727617b3b580aca987cfead8bef4fa107a1a318b781bf.jpg
21Lt2z/aLz41uZbfZqRdidrEIS37EBmApS4Agbt7OEQ=,634,Up+y634Is/7taN6E6r991k+QsCEQbLhwedUh/m74FEM=,36c6f6fd952b0257f96890c7b08f59887c84a0a3731f28b5da9062bc3bf2f25f.webp
21Lt2z/aLz41uZbfZqRdidrEIS37EBmApS4Agbt7OEQ=,463,KLmSLosNoRlXVgfWAQeMJNxTfy2dt6H3VnEmkCFD+sU=,21d1c7994849c8082b3a7d17c557f14cfe21a1a5e311b5fd142bcca026d203e5.avif
21Lt2z/aLz41uZbfZqRdidrEIS37EBmApS4Agbt7OEQ=,463,SljUa5ZQYene0sj9g3IZg7pScvD4mRkLsIP6hOwle4Q=,2f8abda93a81f984cf7904f6ccd6e970b8cf0032ecee76ed56d12f0eaf8f6d90.jpg
21Lt2z/aLz41uZbfZqRdidrEIS37EBmApS4Agbt7OEQ=,463,Up+y634Is/7taN6E6r991k+QsCEQbLhwedUh/m74FEM=,526764f62636da9ab09b0b55050b8471af6c9eab21fe14ab0c05e01684fac3ec.webp
21Lt2z/aLz41uZbfZqRdidrEIS37EBmApS4Agbt7OEQ=,378,KLmSLosNoRlXVgfWAQeMJNxTfy2dt6H3VnEmkCFD+sU=,937695719252d98c6b4f3c47419410a22d18fae407b9098372853fa858550208.avif
21Lt2z/aLz41uZbfZqRdidrEIS37EBmApS4Agbt7OEQ=,378,SljUa5ZQYene0sj9g3IZg7pScvD4mRkLsIP6hOwle4Q=,f339aeac6516c66df04bf786324a8ba23ce1fecc4cc75450b1d98a137ed0ada8.jpg
21Lt2z/aLz41uZbfZqRdidrEIS37EBmApS4Agbt7OEQ=,378,Up+y634Is/7taN6E6r991k+QsCEQbLhwedUh/m74FEM=,8cd2f1e29cbdf6c88ef0a4981c9f5875406816e1cdca0bcfd27096a242dfa8c5.webp
21Lt2z/aLz41uZbfZqRdidrEIS37EBmApS4Agbt7OEQ=,227,KLmSLosNoRlXVgfWAQeMJNxTfy2dt6H3VnEmkCFD+sU=,b6b18acfde877e5f2912c1b19b346532e4ead6bd12699c7e98b7e4ef2e4506f0.avif
21Lt2z/aLz41uZbfZqRdidrEIS37EBmApS4Agbt7OEQ=,227,SljUa5ZQYene0sj9g3IZg7pScvD4mRkLsIP6hOwle4Q=,42afa0dc6ff6abd2ea0573d363d6f826fbf52acae975e3133a26ffc6e4cc2b63.jpg
21Lt2z/aLz41uZbfZqRdidrEIS37EBmApS4Agbt7OEQ=,227,Up+y634Is/7taN6E6r991k+QsCEQbLhwedUh/m74FEM=,cb5ae3770901d709eb38b71a33ec741ce0687ddc17b76616ce1e3078275c42b6.webp
21Lt2z/aLz41uZbfZqRdidrEIS37EBmApS4Agbt7OEQ=,202,KLmSLosNoRlXVgfWAQeMJNxTfy2dt6H3VnEmkCFD+sU=,78150201005ff1d97700b6d2a0dc49b13271cf48a7e1d6564ddde73094e775ae.avif
21Lt2z/aLz41uZbfZqRdidrEIS37EBmApS4Agbt7OEQ=,202,SljUa5ZQYene0sj9g3IZg7pScvD4mRkLsIP6hOwle4Q=,084e4ceb39cc58456e52b56c3f401115337c15d6afcd2a6fdb9266da31a5dfe6.jpg
21Lt2z/aLz41uZbfZqRdidrEIS37EBmApS4Agbt7OEQ=,202,Up+y634Is/7taN6E6r991k+QsCEQbLhwedUh/m74FEM=,f8c988b5fb36172fbf340cd8e2db712209ebdcd7ba0fd110292ba29e7f849004.webp
21Lt2z/aLz41uZbfZqRdidrEIS37EBmApS4Agbt7OEQ=,191,KLmSLosNoRlXVgfWAQeMJNxTfy2dt6H3VnEmkCFD+sU=,a6c8c697618e2bfd54560dc3088fbe451b18a86325be883a8022f07d91cf111b.avif
21Lt2z/aLz41uZbfZqRdidrEIS37EBmApS4Agbt7OEQ=,191,SljUa5ZQYene0sj9g3IZg7pScvD4mRkLsIP6hOwle4Q=,8d11b1462da123249e1dcd3cfe14d6ef51a22d0a3cc4d69ce91911f21d2dc0f1.jpg
21Lt2z/aLz41uZbfZqRdidrEIS37EBmApS4Agbt7OEQ=,191,Up+y634Is/7taN6E6r991k+QsCEQbLhwedUh/m74FEM=,4e47ed19543c8ab13ae247bce84ec83067ad015b3294c580f1836ecd562800bf.webp
iTfUZYOrPVF5ObD5PTWfjUt5D0CjKpQZtIR9GAOZzVA=,1024,KLmSLosNoRlXVgfWAQeMJNxTfy2dt6H3VnEmkCFD+sU=,6aeeb95db5b207998d64b0c9f18260489cd3100728197316b8562730066c78bf.avif
iTfUZYOrPVF5ObD5PTWfjUt5D0CjKpQZtIR9GAOZzVA=,1024,SljUa5ZQYene0sj9g3IZg7pScvD4mRkLsIP6hOwle4Q=,0670b59b9ddaf9620db88ace5b5f6d6b0861f01558ccdf78ff4455caa4bf1be9.jpg
iTfUZYOrPVF5ObD5PTWfjUt5D0CjKpQZtIR9GAOZzVA=,1024,Up+y634Is/7taN6E6r991k+QsCEQbLhwedUh/m74FEM=,c58b44928342fe4f5b3d8dbbf7020468c65d0ae317d6c42147af026d16614e2e.webp
iTfUZYOrPVF5ObD5PTWfjUt5D0CjKpQZtIR9GAOZzVA=,911,RBNvo1WzZ4oRRq0W9+hknpT7T8If536DEMBg9hyq/4o=,6aeeb95db5b207998d64b0c9f18260489cd3100728197316b8562730066c78bf.avif
iTfUZYOrPVF5ObD5PTWfjUt5D0CjKpQZtIR9GAOZzVA=,911,RBNvo1WzZ4oRRq0W9+hknpT7T8If536DEMBg9hyq/4o=,0670b59b9ddaf9620db88ace5b5f6d6b0861f01558ccdf78ff4455caa4bf1be9.jpg
iTfUZYOrPVF5ObD5PTWfjUt5D0CjKpQZtIR9GAOZzVA=,911,RBNvo1WzZ4oRRq0W9+hknpT7T8If536DEMBg9hyq/4o=,c58b44928342fe4f5b3d8dbbf7020468c65d0ae317d6c42147af026d16614e2e.webp
iTfUZYOrPVF5ObD5PTWfjUt5D0CjKpQZtIR9GAOZzVA=,862,RBNvo1WzZ4oRRq0W9+hknpT7T8If536DEMBg9hyq/4o=,6aeeb95db5b207998d64b0c9f18260489cd3100728197316b8562730066c78bf.avif
iTfUZYOrPVF5ObD5PTWfjUt5D0CjKpQZtIR9GAOZzVA=,862,RBNvo1WzZ4oRRq0W9+hknpT7T8If536DEMBg9hyq/4o=,0670b59b9ddaf9620db88ace5b5f6d6b0861f01558ccdf78ff4455caa4bf1be9.jpg
iTfUZYOrPVF5ObD5PTWfjUt5D0CjKpQZtIR9GAOZzVA=,862,RBNvo1WzZ4oRRq0W9+hknpT7T8If536DEMBg9hyq/4o=,c58b44928342fe4f5b3d8dbbf7020468c65d0ae317d6c42147af026d16614e2e.webp
iTfUZYOrPVF5ObD5PTWfjUt5D0CjKpQZtIR9GAOZzVA=,634,RBNvo1WzZ4oRRq0W9+hknpT7T8If536DEMBg9hyq/4o=,6aeeb95db5b207998d64b0c9f18260489cd3100728197316b8562730066c78bf.avif
iTfUZYOrPVF5ObD5PTWfjUt5D0CjKpQZtIR9GAOZzVA=,634,RBNvo1WzZ4oRRq0W9+hknpT7T8If536DEMBg9hyq/4o=,0670b59b9ddaf9620db88ace5b5f6d6b0861f01558ccdf78ff4455caa4bf1be9.jpg
iTfUZYOrPVF5ObD5PTWfjUt5D0CjKpQZtIR9GAOZzVA=,634,RBNvo1WzZ4oRRq0W9+hknpT7T8If536DEMBg9hyq/4o=,c58b44928342fe4f5b3d8dbbf7020468c65d0ae317d6c42147af026d16614e2e.webp
iTfUZYOrPVF5ObD5PTWfjUt5D0CjKpQZtIR9GAOZzVA=,463,RBNvo1WzZ4oRRq0W9+hknpT7T8If536DEMBg9hyq/4o=,6aeeb95db5b207998d64b0c9f18260489cd3100728197316b8562730066c78bf.avif
iTfUZYOrPVF5ObD5PTWfjUt5D0CjKpQZtIR9GAOZzVA=,463,RBNvo1WzZ4oRRq0W9+hknpT7T8If536DEMBg9hyq/4o=,0670b59b9ddaf9620db88ace5b5f6d6b0861f01558ccdf78ff4455caa4bf1be9.jpg
iTfUZYOrPVF5ObD5PTWfjUt5D0CjKpQZtIR9GAOZzVA=,463,RBNvo1WzZ4oRRq0W9+hknpT7T8If536DEMBg9hyq/4o=,c58b44928342fe4f5b3d8dbbf7020468c65d0ae317d6c42147af026d16614e2e.webp
iTfUZYOrPVF5ObD5PTWfjUt5D0CjKpQZtIR9GAOZzVA=,378,RBNvo1WzZ4oRRq0W9+hknpT7T8If536DEMBg9hyq/4o=,6aeeb95db5b207998d64b0c9f18260489cd3100728197316b8562730066c78bf.avif
iTfUZYOrPVF5ObD5PTWfjUt5D0CjKpQZtIR9GAOZzVA=,378,RBNvo1WzZ4oRRq0W9+hknpT7T8If536DEMBg9hyq/4o=,0670b59b9ddaf9620db88ace5b5f6d6b0861f01558ccdf78ff4455caa4bf1be9.jpg
iTfUZYOrPVF5ObD5PTWfjUt5D0CjKpQZtIR9GAOZzVA=,378,RBNvo1WzZ4oRRq0W9+hknpT7T8If536DEMBg9hyq/4o=,c58b44928342fe4f5b3d8dbbf7020468c65d0ae317d6c42147af026d16614e2e.webp
iTfUZYOrPVF5ObD5PTWfjUt5D0CjKpQZtIR9GAOZzVA=,227,RBNvo1WzZ4oRRq0W9+hknpT7T8If536DEMBg9hyq/4o=,6aeeb95db5b207998d64b0c9f18260489cd3100728197316b8562730066c78bf.avif
iTfUZYOrPVF5ObD5PTWfjUt5D0CjKpQZtIR9GAOZzVA=,227,RBNvo1WzZ4oRRq0W9+hknpT7T8If536DEMBg9hyq/4o=,0670b59b9ddaf9620db88ace5b5f6d6b0861f01558ccdf78ff4455caa4bf1be9.jpg
iTfUZYOrPVF5ObD5PTWfjUt5D0CjKpQZtIR9GAOZzVA=,227,RBNvo1WzZ4oRRq0W9+hknpT7T8If536DEMBg9hyq/4o=,c58b44928342fe4f5b3d8dbbf7020468c65d0ae317d6c42147af026d16614e2e.webp
iTfUZYOrPVF5ObD5PTWfjUt5D0CjKpQZtIR9GAOZzVA=,202,RBNvo1WzZ4oRRq0W9+hknpT7T8If536DEMBg9hyq/4o=,6aeeb95db5b207998d64b0c9f18260489cd3100728197316b8562730066c78bf.avif
iTfUZYOrPVF5ObD5PTWfjUt5D0CjKpQZtIR9GAOZzVA=,202,RBNvo1WzZ4oRRq0W9+hknpT7T8If536DEMBg9hyq/4o=,0670b59b9ddaf9620db88ace5b5f6d6b0861f01558ccdf78ff4455caa4bf1be9.jpg
iTfUZYOrPVF5ObD5PTWfjUt5D0CjKpQZtIR9GAOZzVA=,202,RBNvo1WzZ4oRRq0W9+hknpT7T8If536DEMBg9hyq/4o=,c58b44928342fe4f5b3d8dbbf7020468c65d0ae317d6c42147af026d16614e2e.webp
iTfUZYOrPVF5ObD5PTWfjUt5D0CjKpQZtIR9GAOZzVA=,191,RBNvo1WzZ4oRRq0W9+hknpT7T8If536DEMBg9hyq/4o=,6aeeb95db5b207998d64b0c9f18260489cd3100728197316b8562730066c78bf.avif
iTfUZYOrPVF5ObD5PTWfjUt5D0CjKpQZtIR9GAOZzVA=,191,RBNvo1WzZ4oRRq0W9+hknpT7T8If536DEMBg9hyq/4o=,0670b59b9ddaf9620db88ace5b5f6d6b0861f01558ccdf78ff4455caa4bf1be9.jpg
iTfUZYOrPVF5ObD5PTWfjUt5D0CjKpQZtIR9GAOZzVA=,191,RBNvo1WzZ4oRRq0W9+hknpT7T8If536DEMBg9hyq/4o=,c58b44928342fe4f5b3d8dbbf7020468c65d0ae317d6c42147af026d16614e2e.webp
odryL2zN6db+0diyFL5FRWWpyd3sSaZuUSrs+bcZlas=,143,KLmSLosNoRlXVgfWAQeMJNxTfy2dt6H3VnEmkCFD+sU=,4fd9986aca85d00adc0442a82a5a05b1335e564dec7980ee426f0d1b1999e903.avif
odryL2zN6db+0diyFL5FRWWpyd3sSaZuUSrs+bcZlas=,143,SljUa5ZQYene0sj9g3IZg7pScvD4mRkLsIP6hOwle4Q=,42a7566f04ddf94d3c64396c3347d19fea49c495fd3fbe54a6428102b2ab5447.jpg
odryL2zN6db+0diyFL5FRWWpyd3sSaZuUSrs+bcZlas=,143,Up+y634Is/7taN6E6r991k+QsCEQbLhwedUh/m74FEM=,4c3092cb2a957789d3d26a9c3596ce7dd2a69e778ba688163a490e25d34aecfa.webp
equ1f/5o7WGwVZ7ZlXXk5H8kaCgbT+t+9/nlqj8Zmvs=,1534,KLmSLosNoRlXVgfWAQeMJNxTfy2dt6H3VnEmkCFD+sU=,8eb864032cc757aa4d26456ae20a58e921acb1ea3ef3ba8214826d9760458ee5.avif
equ1f/5o7WGwVZ7ZlXXk5H8kaCgbT+t+9/nlqj8Zmvs=,1534,SljUa5ZQYene0sj9g3IZg7pScvD4mRkLsIP6hOwle4Q=,d14dbf9e2e3078e4e1e08445a93bfd47a92d8e7ba52910a453bbe15097d7e96f.jpg
equ1f/5o7WGwVZ7ZlXXk5H8kaCgbT+t+9/nlqj8Zmvs=,1534,Up+y634Is/7taN6E6r991k+QsCEQbLhwedUh/m74FEM=,e4a5c14e4bf6e603c827918b7eeffafb0ef2affa6c50aa564a9f7e21fdb45938.webp
equ1f/5o7WGwVZ7ZlXXk5H8kaCgbT+t+9/nlqj8Zmvs=,1054,KLmSLosNoRlXVgfWAQeMJNxTfy2dt6H3VnEmkCFD+sU=,2b6972a5cd3c95a39aa2ece0958020f6034c7e3f9397e1067f8e0d8aa22fe986.avif
equ1f/5o7WGwVZ7ZlXXk5H8kaCgbT+t+9/nlqj8Zmvs=,1054,SljUa5ZQYene0sj9g3IZg7pScvD4mRkLsIP6hOwle4Q=,1f8125263f8b8376dd16a09f45234221611bc274a76042315ab0126d5140f66e.jpg
equ1f/5o7WGwVZ7ZlXXk5H8kaCgbT+t+9/nlqj8Zmvs=,1054,Up+y634Is/7taN6E6r991k+QsCEQbLhwedUh/m74FEM=,705ee9c633d494f28c3865c8ace0eb13feff4094eb8fc29cbb2a2a9e72c2bd1d.webp
equ1f/5o7WGwVZ7ZlXXk5H8kaCgbT+t+9/nlqj8Zmvs=,946,KLmSLosNoRlXVgfWAQeMJNxTfy2dt6H3VnEmkCFD+sU=,4f173e9e33a2a23a6ea83fbda1779fdcf2dce3dd5700a0c7c8874b044cf16185.avif
equ1f/5o7WGwVZ7ZlXXk5H8kaCgbT+t+9/nlqj8Zmvs=,946,SljUa5ZQYene0sj9g3IZg7pScvD4mRkLsIP6hOwle4Q=,8551a3127643923b6cdc45a8bf95d3cd68e8ad6d3a25b5b9502ab201ecdd539f.jpg
equ1f/5o7WGwVZ7ZlXXk5H8kaCgbT+t+9/nlqj8Zmvs=,946,Up+y634Is/7taN6E6r991k+QsCEQbLhwedUh/m74FEM=,231644c77a8d56ca8e37cd4ab04c410d3e281d644827f6dc04ae6b4b1e88183d.webp
equ1f/5o7WGwVZ7ZlXXk5H8kaCgbT+t+9/nlqj8Zmvs=,931,KLmSLosNoRlXVgfWAQeMJNxTfy2dt6H3VnEmkCFD+sU=,78708cc46c8d2a1eab68157d7f48b6f5fbfb01baf3c5e7b091f52f076ecb74b1.avif
equ1f/5o7WGwVZ7ZlXXk5H8kaCgbT+t+9/nlqj8Zmvs=,931,SljUa5ZQYene0sj9g3IZg7pScvD4mRkLsIP6hOwle4Q=,80a6c07e7a938d150f0b1cde4830bcb192120d3f8272342485d95839b3e5f28a.jpg
equ1f/5o7WGwVZ7ZlXXk5H8kaCgbT+t+9/nlqj8Zmvs=,931,Up+y634Is/7taN6E6r991k+QsCEQbLhwedUh/m74FEM=,779dcc462edf9d96fa57158127b86c1855bfa47ccd62edb9ebcdb4053acd0211.webp
equ1f/5o7WGwVZ7ZlXXk5H8kaCgbT+t+9/nlqj8Zmvs=,870,KLmSLosNoRlXVgfWAQeMJNxTfy2dt6H3VnEmkCFD+sU=,744813b7419dc3cd3836048f2f84c15925b7f022ab5a794dbd7c9b28ab3cc14a.avif
equ1f/5o7WGwVZ7ZlXXk5H8kaCgbT+t+9/nlqj8Zmvs=,870,SljUa5ZQYene0sj9g3IZg7pScvD4mRkLsIP6hOwle4Q=,a73699c977791a520e42f98b5061669d831dbb9349382d34fb3ecaaeb43a28b5.jpg
equ1f/5o7WGwVZ7ZlXXk5H8kaCgbT+t+9/nlqj8Zmvs=,870,Up+y634Is/7taN6E6r991k+QsCEQbLhwedUh/m74FEM=,cb7aca5370a417656d9758cdbeb402fa5ac5e54a28d1e0a223501b01049fb1c8.webp
